player_name,shots_taken,avg_xpts,make_rate,avg_distance,xpts_vs_average
Alondes Williams,2,1.6430566310882568,1.0,18.454802134033624,0.6216814573050284
PJ Dozier,3,1.6218387186527252,0.6666666666666666,28.179389762084288,0.6004635448694968
Daeqwon Plowden,25,1.6082764673233032,0.64,20.698141257864073,0.5869012935400748
Patrick Baldwin Jr.,35,1.5051221225942883,0.5428571428571428,21.898997051476734,0.48374694881105995
Adem Bona,192,1.4857607709709555,0.703125,7.082337516323888,0.4643855971877271
Jahmir Young,5,1.4848291635513307,0.8,16.997348287252922,0.46345398976810226
Ariel Hukporti,31,1.4614258773865239,0.6774193548387096,8.172787459656567,0.44005070360329546
Jarrett Allen,640,1.4503131655510515,0.70625,8.355315400837934,0.4289379917678231
Tolu Smith,9,1.447392914030287,0.6666666666666666,6.384032397227836,0.42601774024705863
Keshad Johnson,26,1.4434711153690631,0.6923076923076923,12.679267679009644,0.42209594158583474
Daniel Gafford,403,1.4266321864672393,0.7022332506203474,7.304207881251251,0.40525701268401093
Kai Jones,109,1.4222105202871724,0.7981651376146789,9.485484178149921,0.40083534650394403
Dwight Powell,61,1.4153853657304263,0.6885245901639344,8.472541460601875,0.3940101919471979
Jalen Duren,546,1.4135865113892399,0.6923076923076923,7.262631690982168,0.39221133760601146
P.J. Tucker,7,1.4026471450924873,0.42857142857142855,25.201617778751544,0.38127197130925894
Mitchell Robinson,56,1.3988861590623856,0.6607142857142857,6.04963817048482,0.37751098527915716
Dereck Lively II,191,1.3902847844892772,0.7015706806282722,7.8748268749518004,0.3689096107060488
Rudy Gobert,510,1.3789086403215634,0.6686274509803921,7.250624866009049,0.35753346653833495
Jaxson Hayes,223,1.3725949908719468,0.7219730941704036,7.796035356408656,0.3512198170887184
Luke Kornet,280,1.3693775447085499,0.6678571428571428,7.6445196149307675,0.3480023709253215
Jericho Sims,71,1.3595669680917766,0.6338028169014085,7.222949498836106,0.3381917943085482
Isaac Jones,83,1.348297130271613,0.6506024096385542,9.46781327587244,0.3269219564883845
DeAndre Jordan,140,1.3465809387820107,0.65,7.17833679509466,0.3252057649987823
Neemias Queta,203,1.3402324532126557,0.6502463054187192,8.38973478322927,0.3188572794294273
Walker Kessler,419,1.3295799879566155,0.6634844868735084,8.87847534951644,0.3082048141733871
Robert Williams III,78,1.3236054460971782,0.6410256410256411,8.22683141881327,0.30223027231394983
Richaun Holmes,139,1.3190719300358416,0.6474820143884892,8.265290296724906,0.29769675625261316
N'Faly Dante,13,1.3153398312055147,0.7692307692307693,8.378216191008717,0.2939646574222863
Jakob Poeltl,579,1.3075204043937059,0.6269430051813472,9.583314168402834,0.2861452306104775
Isaiah Jackson,23,1.300594433494236,0.6086956521739131,6.7760407903867055,0.2792192597110077
Dru Smith,61,1.2891467125689398,0.5081967213114754,18.310136058772432,0.26777153878571136
Tony Bradley,45,1.2848498480187522,0.6444444444444445,8.987461230097251,0.26347467423552384
Goga Bitadze,339,1.2827414635316108,0.6106194690265486,9.657721081970902,0.2613662897483824
Christian Braun,821,1.2811204844339321,0.5797807551766139,14.128559156567269,0.2597453106507037
Christian Koloko,66,1.2767762081189589,0.6060606060606061,9.213005947970284,0.25540103433573047
Ivica Zubac,942,1.276505899024364,0.6284501061571125,9.084164893753483,0.25513072524113567
Kylor Kelley,22,1.2748939340764827,0.6363636363636364,8.430366178371116,0.25351876029325426
Moussa Diabaté,280,1.274594109026449,0.5964285714285714,8.525387620137817,0.2532189352432206
Moses Brown,49,1.2688955749784196,0.6938775510204082,7.928942634898216,0.24752040119519125
Harrison Barnes,683,1.2683262089771896,0.5080527086383602,18.138824722756308,0.24695103519396122
Vít Krejčí,292,1.2642668484110537,0.4965753424657534,23.38800878744958,0.24289167462782535
Chuma Okeke,40,1.2579174622893334,0.5,21.089551080896523,0.23654228850610504
Aaron Nesmith,379,1.253472563852421,0.5065963060686016,19.36066309605397,0.2320973900691925
Larry Nance Jr.,155,1.250010981434776,0.5161290322580645,18.895403489709462,0.22863580765154756
Keon Ellis,464,1.2488637861699379,0.4892241379310345,23.39056348018121,0.22748861238670948
Nikola Jokić,1364,1.242680980505755,0.5762463343108505,16.19374573141853,0.22130580672252664
Mark Williams,447,1.2404588127229572,0.6040268456375839,8.605249321952105,0.21908363893972882
Domantas Sabonis,893,1.2403381041356458,0.5901455767077267,12.764087860639354,0.21896293035241743
Onyeka Okongwu,684,1.2377893167128513,0.5672514619883041,12.276667252031984,0.2164141429296229
Aaron Gordon,497,1.2325960518548666,0.5311871227364185,15.796674312445862,0.21122087807163825
Moritz Wagner,249,1.230113348927364,0.5622489959839357,13.878740827583703,0.2087381751441355
Brandon Clarke,380,1.2284947922159182,0.6210526315789474,10.268499343043624,0.20711961843268978
Jay Huff,305,1.2281998986103495,0.5147540983606558,22.029733421209247,0.2068247248271211
Giannis Antetokounmpo,1319,1.2271493237149296,0.601213040181956,11.751112738858076,0.20577414993170118
AJ Green,424,1.2242311648321602,0.42924528301886794,27.520038432840916,0.20285599104893182
Charles Bassey,117,1.2233875834534311,0.5811965811965812,8.414559234297874,0.20201240967020273
Adama Sanogo,7,1.2164375185966492,0.5714285714285714,7.2712043190080555,0.19506234481342077
Sam Hauser,474,1.2156300631347838,0.45147679324894513,26.51609922435594,0.19425488935155544
Zach LaVine,1223,1.214962167639471,0.5110384300899428,19.95466260563186,0.19358699385624267
Isaiah Hartenstein,480,1.214079927218457,0.58125,11.404412673807725,0.19270475343522864
Drew Eubanks,194,1.2128900226551234,0.5927835051546392,9.637796196492898,0.19151484887189496
Kevin Durant,1124,1.2068082985610724,0.5266903914590747,19.5314746678014,0.18543312477784402
Ty Jerome,618,1.2056390014401726,0.5161812297734628,19.83650281384061,0.18426382765694416
Luke Kennard,431,1.2050943832386398,0.4779582366589327,23.00140679597193,0.18371920945541143
Nick Richards,347,1.2033241904348737,0.590778097982709,8.954385620291154,0.1819490166516453
Mason Plumlee,202,1.2026783257427782,0.6188118811881188,8.60299819138919,0.18130315195954982
Taurean Prince,514,1.2024424441941517,0.4571984435797665,21.16610324867816,0.1810672704109233
Evan Mobley,906,1.2016570574416887,0.5573951434878587,13.938300277151502,0.18028188365846032
Kel'el Ware,464,1.2015338617794473,0.5538793103448276,13.708006653799263,0.18015868799621892
Bismack Biyombo,114,1.2011608640875733,0.5877192982456141,9.051224785839528,0.17978569030434488
Zach Edey,433,1.1993876197321585,0.5796766743648961,10.754081105443273,0.17801244594893006
Seth Curry,343,1.1969254145469332,0.478134110787172,22.423638629894945,0.17555024076370485
Nicolas Batum,238,1.196246800286805,0.4369747899159664,25.0994240974358,0.17487162650357657
Rui Hachimura,576,1.1957115741550095,0.5086805555555556,17.60946648691955,0.1743364003717811
Oscar Tshiebwe,70,1.1949770757130214,0.6,9.250877818518541,0.17360190192979297
Isaiah Joe,588,1.1946807543994213,0.44047619047619047,26.046976888824364,0.17330558061619294
Clint Capela,390,1.1931315268079439,0.558974358974359,7.880465075222721,0.17175635302471548
Brandon Williams,188,1.1883876879917497,0.5212765957446809,16.33003375393295,0.16701251420852126
Brice Sensabaugh,599,1.1874062411101514,0.4590984974958264,22.290065346082685,0.16603106732692297
Jordan McLaughlin,72,1.187262364404483,0.4305555555555556,23.083453984423247,0.16588719062125468
Deandre Ayton,468,1.1861804958241873,0.5662393162393162,13.000578959863212,0.16480532204095888
Payton Pritchard,866,1.1860517565522335,0.4722863741339492,25.323623836302136,0.1646765827690051
Michael Porter Jr.,1048,1.1843470028434517,0.5038167938931297,20.336429375702963,0.16297182906022334
Brook Lopez,774,1.1807879262654357,0.5090439276485789,20.511611398992656,0.15941275248220732
Nikola Vučević,1038,1.1795998404236772,0.5298651252408478,17.095150811425878,0.15822466664044876
Ochai Agbaji,534,1.1789781908863939,0.49812734082397003,16.704665354517694,0.1576030171031655
Karl-Anthony Towns,1215,1.1784345602057107,0.5259259259259259,15.284062824023072,0.1570593864224823
Karlo Matković,235,1.1761188744864566,0.574468085106383,13.641501379541703,0.15474370070322818
Grayson Allen,489,1.1755460632359322,0.44785276073619634,23.65364848976773,0.15417088945270385
Obi Toppin,599,1.1701763029675154,0.5292153589315526,18.61609522041084,0.148801129184287
Craig Porter Jr.,140,1.1701469622552394,0.5142857142857142,16.55909818128933,0.148771788472011
Oso Ighodaro,187,1.1694525478079039,0.6042780748663101,11.19610694724878,0.14807737402467547
KJ Martin,201,1.1686935093420654,0.5522388059701493,12.790270979698969,0.147318335558837
Isaiah Stewart,315,1.1686908907833553,0.5587301587301587,11.891847627594961,0.1473157170001269
Justin Champagnie,411,1.168582371787288,0.5109489051094891,17.768490446290997,0.14720719800405968
Tre Jones,238,1.167459899559617,0.5378151260504201,12.831014270384275,0.14608472577638865
Landry Shamet,230,1.166590460519428,0.4608695652173913,22.656077460580846,0.14521528673619954
Josh Hart,770,1.1662024505533182,0.5246753246753246,15.595026941387248,0.14482727677008977
Ryan Rollins,271,1.165385760614353,0.4870848708487085,18.32321911652084,0.14401058683112455
Alex Ducas,30,1.1636053825418153,0.4,22.589750191033673,0.14223020875858694
Jaylen Clark,120,1.1627990078181027,0.4666666666666667,16.955937702179536,0.14142383403487435
Dominick Barlow,113,1.1622942227177915,0.5309734513274337,13.222338571252207,0.14091904893456308
Dorian Finney-Smith,435,1.1613159594479305,0.4482758620689655,22.57540204334198,0.13994078566470214
Derrick Jones Jr.,589,1.1607324965045185,0.5263157894736842,15.320829095833316,0.1393573227212901
Guerschon Yabusele,563,1.1586135017948613,0.5008880994671403,18.528242507690635,0.13723832801163294
Sandro Mamukelashvili,281,1.1585780760253452,0.501779359430605,20.299222455872442,0.13720290224211684
Georges Niang,620,1.1544249958328663,0.4612903225806452,21.51607916708604,0.1330498220496379
Jeremy Sochan,469,1.1543584153659816,0.535181236673774,11.847877752529655,0.1329832415827532
Zion Williamson,508,1.1531119658208386,0.5669291338582677,9.365493627614196,0.13173679203761024
John Collins,531,1.1525326598779406,0.527306967984934,15.135295952282613,0.13115748609471223
Alex Reese,54,1.1521720950043313,0.48148148148148145,23.730617489641833,0.13079692122110287
Gary Payton II,298,1.1499228052944945,0.5738255033557047,13.969209741261361,0.12854763151126614
Jock Landale,152,1.149819771710195,0.5328947368421053,13.819988247058204,0.1284445979269666
PJ Hall,24,1.1481133208920558,0.5833333333333334,15.940212027251755,0.12673814710882736
Malik Beasley,1071,1.1470150712800988,0.4304388422035481,24.735575954909162,0.12563989749687043
Shai Gilgeous-Alexander,1656,1.1470030190463623,0.5193236714975845,17.167417674572267,0.12562784526313386
Myles Turner,811,1.1455397933868532,0.4808877928483354,20.749286799484505,0.12416461960362479
Yves Missi,492,1.1439444386680437,0.5467479674796748,7.466307343066364,0.12256926488481534
Isaac Okoro,267,1.1438007933481802,0.46441947565543074,18.00484238366082,0.1224256195649518
Nic Claxton,568,1.1437775561533554,0.5633802816901409,9.89764241386435,0.12240238237012702
Amen Thompson,697,1.143569319360653,0.5566714490674318,12.081891359682434,0.1221941455774247
Emanuel Miller,8,1.1418023947626352,0.5,9.72576742944831,0.12042722097940683
Tyrese Haliburton,1006,1.140875857551147,0.4731610337972167,23.589021731631178,0.11950068376791867
Cameron Johnson,747,1.1379411232020642,0.47523427041499333,21.243491544949105,0.1165659494188358
Chris Boucher,370,1.1378036716298476,0.4918918918918919,18.51971777748953,0.11642849784661924
Doug McDermott,117,1.1374855081622417,0.42735042735042733,26.896294941743996,0.1161103343790133
Tyler Smith,50,1.1373947778344153,0.48,20.99844840418693,0.11601960405118694
Santi Aldama,648,1.1369853631512803,0.48302469135802467,19.601465244115968,0.1156101893680519
Jaylin Williams,221,1.1366370961710608,0.43891402714932126,23.889157314567644,0.1152619223878324
Royce O'Neale,570,1.1355300011832201,0.42280701754385963,24.910603532523258,0.11415482739999172
Donovan Clingan,334,1.135384579975448,0.5389221556886228,10.470995907522367,0.11400940619221966
Amir Coffey,510,1.1347302272185391,0.47058823529411764,20.10249878235324,0.11335505343531072
Quinten Post,274,1.1337628860543245,0.4489051094890511,22.358673184637645,0.11238771227109612
Jabari Walker,229,1.1322256164080322,0.5152838427947598,13.997281907383034,0.11085044262480381
Luguentz Dort,593,1.1315007264557817,0.4350758853288364,23.19761814036875,0.1101255526725533
Haywood Highsmith,391,1.1310894446985802,0.4578005115089514,19.7605559721247,0.1097142709153518
Jackson Rowe,17,1.130440882900182,0.47058823529411764,20.204030634771076,0.10906570911695357
Jared Rhoden,87,1.1302536622374908,0.4827586206896552,16.55704566020211,0.1088784884542624
Gary Trent Jr.,657,1.1299902591485773,0.4307458143074581,24.25430940219626,0.10861508536534892
Pete Nance,32,1.1275782461743802,0.4375,27.426615364486803,0.10620307239115179
Duncan Robinson,663,1.1275604697643902,0.4374057315233786,23.778095447687168,0.10618529598116178
Matisse Thybulle,88,1.1264113914221525,0.4772727272727273,19.001383657564816,0.10503621763892412
Trayce Jackson-Davis,302,1.1261599178345787,0.5761589403973509,7.88052788684795,0.1047847440513503
Bobi Klintman,10,1.1257613942027092,0.6,21.173891715048676,0.10438622041948076
Mikal Bridges,1183,1.125295429828239,0.5004226542688082,18.328792307146983,0.10392025604501054
Max Strus,373,1.1252259132290015,0.44235924932975873,24.086185504173137,0.10385073944577305
Zach Collins,302,1.1239125310190465,0.5066225165562914,16.05501023895891,0.10253735723581814
Caris LeVert,599,1.1226404936726084,0.4674457429048414,18.214608862206028,0.10126531988938003
Kessler Edwards,135,1.122574981826323,0.4962962962962963,16.21354255768292,0.1011998080430947
Jarace Walker,360,1.1217305978863603,0.4722222222222222,20.543518275853934,0.10035542410313192
Norman Powell,945,1.1210598688316409,0.4835978835978836,19.586382129158306,0.09968469504841249
De'Andre Hunter,762,1.1196356396755482,0.46981627296587924,20.30136272559289,0.09826046589231985
Kenrich Williams,354,1.1195660355253576,0.4830508474576271,19.2281512100733,0.09819086174212921
Kristaps Porziņģis,574,1.1188043572969137,0.48257839721254353,20.66623809900531,0.09742918351368535
Derrick White,959,1.1184798021323987,0.4421272158498436,24.762486883396583,0.09710462834917033
Stephen Curry,1258,1.117912008178336,0.4483306836248013,24.125653764764444,0.09653683439510763
Ayo Dosunmu,449,1.1173149206922421,0.4922048997772829,16.325274990654176,0.09593974690901375
Garrison Mathews,257,1.1169186322025753,0.3968871595330739,25.658818131397425,0.09554345841934686
Quentin Grimes,823,1.1163931710516553,0.4665856622114216,20.161075959751365,0.09501799726842686
Davion Mitchell,476,1.1163831601592422,0.4684873949579832,18.392436311490897,0.09500798637601382
Dariq Whitehead,96,1.1163723066759605,0.40625,25.02781534577693,0.09499713289273215
Terance Mann,413,1.1153732184275589,0.4963680387409201,17.2361244384108,0.09399804464433048
Bradley Beal,694,1.1149903926407914,0.49711815561959655,19.134350064992933,0.09361521885756297
Kawhi Leonard,623,1.1149524671547295,0.49759229534510435,18.752531131052475,0.09357729337150111
Bruno Fernando,49,1.1141844227605937,0.5306122448979592,8.77567530653863,0.09280924897736531
Aaron Wiggins,728,1.1140518667442458,0.4876373626373626,17.98320501843782,0.09267669296101744
Pascal Siakam,1182,1.113785985053569,0.5186125211505922,16.59853337993138,0.09241081127034056
Darius Garland,1174,1.113738834546971,0.47189097103918226,20.52875349553946,0.09236366076374258
Kelly Olynyk,268,1.112532248359118,0.5,15.831070660950463,0.09115707457588962
Donte DiVincenzo,593,1.1122774793868524,0.42158516020236086,24.34856663419467,0.090902305603624
Tyus Jones,683,1.1117643747113286,0.4480234260614934,21.942397843226633,0.09038920092810021
Oshae Brissett,39,1.1108714835001872,0.48717948717948717,17.36513622398325,0.08949630971695877
Jeff Green,121,1.1105708612267635,0.5041322314049587,21.556840465924267,0.08919568744353512
Tristan Vukcevic,242,1.110278604275062,0.49586776859504134,19.503825875081855,0.08890343049183369
Eric Gordon,204,1.1100882557768594,0.4264705882352941,24.03258135355194,0.08871308199363104
OG Anunoby,1027,1.1099356675489707,0.4761441090555015,17.34426190451858,0.08856049376574227
Steven Adams,167,1.1090969671746214,0.5449101796407185,8.980774100655069,0.08772179339139297
Jalen Brunson,1200,1.1064499579059581,0.4875,18.537326160325474,0.08507478412272973
Quenton Jackson,122,1.1063540157724598,0.47540983606557374,15.088184691316087,0.08497884198923145
Dalton Knecht,557,1.1059219770708675,0.4614003590664273,21.996413210223647,0.08454680328763908
Jamison Battle,347,1.1054724328305776,0.42939481268011526,23.630327770544575,0.08409725904734922
Alec Burks,271,1.104941865188719,0.42435424354243545,23.608881633370395,0.08356669140549067
Collin Gillespie,158,1.1047447826477546,0.43037974683544306,22.423122715438577,0.08336960886452616
Jonas Valančiūnas,627,1.104066347320114,0.5502392344497608,12.077274301147478,0.0826911735368856
Aaron Holiday,268,1.1040006058165497,0.43656716417910446,24.701309835385544,0.08262543203332129
LeBron James,1270,1.1022875724668344,0.5125984251968504,17.801274260303455,0.080912398683606
Pat Connaughton,177,1.101013591691936,0.4689265536723164,17.83297924774416,0.07963841790870752
Trey Jemison III,74,1.1002663901528797,0.5540540540540541,8.681324705642055,0.07889121636965135
Marvin Bagley III,106,1.099716684798587,0.5188679245283019,11.919512895585896,0.07834151101535869
Tyler Herro,1378,1.0991427373757425,0.47242380261248185,20.971996008758246,0.07776756359251413
Day'Ron Sharpe,317,1.0983795121735203,0.5205047318611987,11.21273617780581,0.07700433839029186
Nikola Jović,377,1.0976238751126854,0.4562334217506631,19.660730387891622,0.07624870132945705
Bol Bol,183,1.0971543362231855,0.5245901639344263,20.43099850111294,0.07577916243995708
Kyle Filipowski,518,1.0949738672628826,0.5019305019305019,17.29035828211867,0.0735986934796542
Desmond Bane,1018,1.093794889151611,0.48428290766208254,18.89099674417087,0.07241971536838254
Justin Edwards,378,1.0927261997152258,0.455026455026455,19.988924369871423,0.07135102593199738
Andre Jackson Jr.,197,1.0914790602353623,0.47715736040609136,16.008588415093215,0.07010388645213395
Ausar Thompson,460,1.0914230545334842,0.5347826086956522,10.380713010806883,0.07004788075025581
Kevin Knox II,36,1.0909517361885972,0.5,17.294311349943243,0.0695765624053688
Chet Holmgren,341,1.090061623592181,0.4897360703812317,16.755073665370453,0.06868644980895255
Dyson Daniels,923,1.0887890540079526,0.49295774647887325,14.89354333368512,0.06741388022472417
Marcus Sasser,296,1.088604111740416,0.46283783783783783,21.745206930523874,0.06722893795718754
Josh Minott,90,1.0883858922455045,0.4888888888888889,16.39603531882296,0.06701071846227613
Jeff Dowtin Jr.,230,1.088273160483526,0.48695652173913045,17.718378715862546,0.06689798670029767
Ajay Mitchell,184,1.0880074073439059,0.4945652173913043,16.16837421089316,0.06663223356067749
Alex Len,63,1.087015137194641,0.5079365079365079,11.943389666771845,0.06563996341141265
Naz Reid,923,1.0852684812117792,0.46153846153846156,19.570673595997278,0.06389330742855082
Kyrie Irving,945,1.084837534195847,0.473015873015873,18.935445070825697,0.06346236041261855
Nickeil Alexander-Walker,616,1.0836090891162393,0.4383116883116883,21.17289194517992,0.062233915333010925
Coby White,1121,1.0823605836541073,0.45316681534344333,20.89836641798445,0.06098540987087886
Victor Wembanyama,857,1.080534597384975,0.47607934655775963,21.481653645297335,0.05915942360174653
Sam Merrill,424,1.0803300723222629,0.4056603773584906,26.403807814379327,0.05895489853903446
Jaren Jackson Jr.,1213,1.0801050831661279,0.4880461665292663,17.439953787030863,0.05872990938289946
Deni Avdija,844,1.0788300788268377,0.476303317535545,17.280859109854987,0.05745490504360928
Scotty Pippen Jr.,594,1.0787594794179705,0.4797979797979798,16.826759309798348,0.05738430563474206
Austin Reaves,1037,1.0782803305772313,0.45998071359691417,21.507036206092476,0.056905156794002876
Jarred Vanderbilt,121,1.078232700574743,0.48760330578512395,12.260191974565227,0.05685752679151457
Damian Lillard,992,1.0760812037868515,0.4475806451612903,22.86519188252086,0.05470603000362306
Khris Middleton,337,1.0757952794675834,0.47477744807121663,21.03942580471681,0.05442010568435496
Danté Exum,134,1.0753438393237875,0.47761194029850745,17.483835809722013,0.053968665540559124
Jamaree Bouyea,12,1.0744833871722221,0.5,18.88973512803774,0.05310821338899374
Corey Kispert,565,1.0726350451695972,0.45132743362831856,21.526134821090476,0.05125987138636878
John Konchar,91,1.0720687831987392,0.45054945054945056,21.179031615217546,0.05069360941551082
Trey Murphy III,839,1.071883891994429,0.4541120381406436,20.848939927342915,0.05050871821120051
Julius Randle,939,1.0715617404157678,0.4845580404685836,16.76582391006701,0.0501865666325394
Jalen Williams,1168,1.0711624169154474,0.4837328767123288,17.623075229584945,0.04978724313221905
Andre Drummond,234,1.0710878745995016,0.5,9.966702921097186,0.049712700816273214
Zeke Nnaji,141,1.0710213881329442,0.49645390070921985,15.110891526091187,0.049646214349715834
Talen Horton-Tucker,291,1.0709141146430035,0.4570446735395189,16.895428156300202,0.04953894085977506
Ousmane Dieng,125,1.07088538980484,0.432,20.39123681524323,0.04951021602161165
Jalen Johnson,542,1.0700839580246333,0.5,14.460091767046599,0.0487087842414049
Cason Wallace,489,1.0696364299895085,0.47443762781186094,16.810715153936062,0.04826125620628008
Antonio Reeves,248,1.0695804400489695,0.45564516129032256,20.10405376640626,0.048205266265741065
Toumani Camara,716,1.0688431151575466,0.4581005586592179,17.6574529036472,0.0474679413743182
Collin Sexton,867,1.0677674714896952,0.4798154555940023,17.34926790199656,0.0463922977064668
Lonnie Walker IV,212,1.0669088460557725,0.419811320754717,23.252267258585537,0.04553367227254412
Anthony Edwards,1612,1.0661561317607835,0.4472704714640198,21.20358053145304,0.0447809579775551
Jalen Smith,408,1.0653855808846213,0.46568627450980393,19.86616472346102,0.04401040710139292
Luka Garza,105,1.0644731538636343,0.49523809523809526,16.29372010344782,0.043097980080405884
Chris Paul,583,1.0641876897849718,0.42710120068610635,25.40176227425364,0.042812516001743406
Zaccharie Risacher,779,1.0641423779634211,0.4582798459563543,17.19948610902692,0.04276720418019275
Isaiah Crawford,11,1.0639517618851229,0.45454545454545453,19.356806696559715,0.042576588101894464
Branden Carlson,97,1.0637985011658717,0.44329896907216493,22.08664330943635,0.04242332738264332
Jamal Murray,1121,1.0634223679886479,0.47368421052631576,19.873304303345233,0.04204719420541947
Jared McCain,274,1.063308324447296,0.45985401459854014,20.2197926872626,0.041933150664067664
Ben Simmons,223,1.0631342510872357,0.5201793721973094,9.381023219539344,0.0417590773040073
Matas Buzelis,555,1.0626259443324966,0.4540540540540541,17.36727505799287,0.04125077054926818
Precious Achiuwa,327,1.0626039938596774,0.5015290519877675,10.521515790406601,0.04122882007644901
Tari Eason,559,1.0617522138749018,0.4865831842576029,15.43186020157826,0.04037704009167342
Julian Phillips,287,1.061682615442143,0.445993031358885,17.422648968036054,0.040307441658914644
Kobe Brown,72,1.0605743165231414,0.4583333333333333,16.1042024153861,0.039199142739912984
Mike Conley,468,1.060381597847256,0.3995726495726496,23.192248182661718,0.039006424064027545
Thomas Bryant,321,1.0585903668561456,0.5077881619937694,17.686078766690628,0.03721519307291721
Chris Duarte,26,1.0585586061844459,0.46153846153846156,20.46750749227383,0.037183432401217464
Josh Giddey,798,1.058376595079152,0.4649122807017544,16.447525166815776,0.03700142129592354
Anthony Davis,910,1.0581988746320807,0.5164835164835165,14.546484413734616,0.036823700848852337
Grant Williams,123,1.0579328120239382,0.43902439024390244,21.93812868079813,0.03655763824070979
Lamar Stevens,63,1.0577714484598901,0.4603174603174603,18.457395461328254,0.03639627467666173
Jaylon Tyson,149,1.0557804145168939,0.42953020134228187,16.194175946806823,0.034405240733665465
Naji Marshall,712,1.0556059557463178,0.5084269662921348,16.019165300952217,0.034230781963089374
Dean Wade,271,1.055323963895495,0.4132841328413284,24.180646380129414,0.03394879011226659
Anton Watson,9,1.0551722215281591,0.4444444444444444,11.01977692557977,0.03379704774493075
Jaylen Sims,28,1.0538993036108357,0.42857142857142855,20.385348977416324,0.03252412982760733
Caleb Houstan,190,1.0538288041165,0.42105263157894735,25.590530352442215,0.032453630333271644
T.J. McConnell,624,1.0530343806693474,0.5192307692307693,13.300291902570466,0.03165920688611901
Donovan Mitchell,1320,1.0513031437485056,0.4431818181818182,21.3576104275147,0.029927969965277246
Anthony Gill,88,1.0502214602787385,0.48863636363636365,15.820353572122253,0.02884628649551013
Jordan Goodwin,144,1.0498657532864146,0.4375,19.420269675520114,0.02849057950318623
Jaden Ivey,413,1.0483108400333374,0.4600484261501211,17.915338844347787,0.026935666250109014
Peyton Watson,428,1.048033773289802,0.4766355140186916,14.599784235500094,0.026658599506573566
Brandin Podziemski,629,1.0477204995558542,0.4451510333863275,21.3525647863352,0.026345325772625827
Keldon Johnson,770,1.046493111560484,0.4818181818181818,15.402446101519594,0.025117937777255683
Julian Champagnie,665,1.0460467377887632,0.4150375939849624,22.927266979816096,0.02467156400553483
Brandon Ingram,333,1.0444748309013006,0.46546546546546547,20.30083258897316,0.02309965711807216
RJ Barrett,982,1.044370016701474,0.4684317718940937,15.112741720079622,0.022994842918245606
Jae'Sean Tate,148,1.0442541660489262,0.47297297297297297,14.329929706558204,0.022878992265697784
Jake LaRavia,337,1.0439110771374285,0.47477744807121663,17.651226491850423,0.022535903354200082
Devin Vassell,889,1.043318762461769,0.4431946006749156,21.14802662716762,0.021943588678540626
Bam Adebayo,1113,1.0429839554735647,0.48517520215633425,15.766177412878301,0.02160878169033631
Devin Booker,1420,1.0428641801568823,0.46056338028169014,20.448890849209075,0.02148900637365392
Alex Caruso,314,1.0420047423926888,0.445859872611465,18.932278871276086,0.020629568609460414
Jordan Poole,1057,1.0413713790176748,0.4323557237464522,23.059115355281488,0.01999620523444645
Johnny Juzang,475,1.0398396795046958,0.42947368421052634,22.666552510833988,0.018464505721467406
Paul Reed,142,1.0372647579077263,0.5070422535211268,13.992971572649651,0.015889584124497924
CJ McCollum,1000,1.0359205182902516,0.444,20.328313188508126,0.014545344507023161
Bogdan Bogdanović,492,1.0356141933565581,0.4268292682926829,22.541136968371344,0.014239019573329736
Andrew Wiggins,839,1.035286241318671,0.44815256257449343,18.89213080309493,0.013911067535442578
Josh Green,421,1.034920069187738,0.42755344418052255,19.901813130319514,0.01354489540450965
Jaden McDaniels,834,1.0345496818539408,0.47721822541966424,16.66377411908115,0.01317450807071241
Jeremiah Robinson-Earl,347,1.0344794628341878,0.4553314121037464,17.427184539502726,0.013104289050959395
Bobby Portis,595,1.034232391179109,0.46554621848739497,17.922906131946327,0.012857217395880527
Terrence Shannon Jr.,114,1.033288534665317,0.4824561403508772,13.711792424591218,0.011913360882088497
Moses Moody,568,1.0324470789079936,0.43309859154929575,20.586760997368852,0.011071905124765191
Julian Strawther,486,1.0324402710292564,0.43209876543209874,21.357181004799877,0.011065097246028
Jayson Tatum,1465,1.0318067243888516,0.451877133105802,21.44886689627186,0.010431550605623174
Cade Cunningham,1457,1.0305818741554338,0.46945778997940973,17.023503317793175,0.00920670037220539
Wendell Moore Jr.,126,1.0303921341186477,0.46825396825396826,15.107495697151375,0.009016960335419322
Al Horford,461,1.0303018266848267,0.4229934924078091,22.69031606247557,0.008926652901598331
Malaki Branham,190,1.0286363624820585,0.45789473684210524,19.285429761647773,0.007261188698830079
Luka Dončić,1025,1.0280816526347545,0.4497560975609756,21.830179434579854,0.006706478851526088
Enrique Freeman,37,1.0277619102113955,0.43243243243243246,12.115428468212173,0.006386736428167117
Cam Spencer,82,1.026770891758,0.4146341463414634,23.05767685811086,0.005395717974771674
Kentavious Caldwell-Pope,544,1.0265879671171527,0.43933823529411764,22.865280351435853,0.005212793333924326
Buddy Hield,786,1.024525795617726,0.4173027989821883,23.713264562071775,0.0031506218344976578
Jusuf Nurkić,352,1.0243691784033382,0.4772727272727273,15.43015587443386,0.0029940046201097914
Dillon Brooks,895,1.0236724909540662,0.42905027932960893,21.196261404579175,0.0022973171708378093
Torrey Craig,90,1.0221675876114102,0.4222222222222222,22.779037376472253,0.0007924138281818482
Jacob Toppin,22,1.022030697627501,0.4090909090909091,16.684727877018755,0.0006555238442726985
Drew Peterson,41,1.0218425960075566,0.4146341463414634,25.00027326894305,0.00046742222432816227
Cam Whitmore,403,1.021799521063161,0.4441687344913151,19.01817751689847,0.0004243472799325687
Mo Bamba,112,1.0214793565017837,0.4642857142857143,18.25364682810748,0.00010418271855527905
Taj Gibson,95,1.0206389979312294,0.49473684210526314,9.64023738095099,-0.0007361758519990325
Trey Lyles,374,1.0190508848922775,0.4197860962566845,21.36357306480111,-0.002324288890950932
Keegan Murray,820,1.0184340822442275,0.44390243902439025,21.084987247676654,-0.0029410915390009063
Dalen Terry,268,1.0180119185694563,0.44776119402985076,15.603249251680616,-0.0033632552137721206
Trendon Watford,350,1.0174598983143057,0.4685714285714286,14.557154792803335,-0.003915275468922674
Cory Joseph,154,1.0151164361408778,0.4025974025974026,24.270910166421878,-0.006258737642350631
Klay Thompson,877,1.0143869394944087,0.41163055872291904,23.55853650375365,-0.0069882342888196725
Bennedict Mathurin,853,1.0131830951899885,0.45838218053927315,17.461517429240782,-0.008192078593239893
Pelle Larsson,203,1.0127017022353675,0.43842364532019706,17.13686981688542,-0.008673471547860911
Jaden Hardy,414,1.011841773217463,0.43478260869565216,20.121664412391507,-0.00953340056576546
Shake Milton,254,1.010389087765705,0.452755905511811,18.556179272242336,-0.010986086017523489
Jrue Holiday,573,1.0100403434514063,0.4432809773123909,19.934346074059082,-0.011334830331822143
Daniel Theis,129,1.009999158250731,0.4728682170542636,15.518350932583806,-0.011376015532497341
P.J. Washington,665,1.0099702364520022,0.45263157894736844,16.270827494139514,-0.011404937331226161
Skal Labissiere,4,1.00855103880167,0.5,20.14441004591574,-0.012824134981558322
Tim Hardaway Jr.,680,1.0070137292365817,0.40588235294117647,23.841475918786504,-0.014361444546646673
Kevon Looney,278,1.0067194262251473,0.5143884892086331,9.174856772084881,-0.014655747558081078
Jimmy Butler III,597,1.005935304883986,0.5041876046901173,13.016646138413085,-0.015439868899242315
Leonard Miller,15,1.0053052107493083,0.4,15.237532391278345,-0.016069963033920054
Jabari Smith Jr.,566,1.0032571710040628,0.4381625441696113,20.186913732121216,-0.018118002779165643
Sidy Cissoko,30,1.0026913046836854,0.43333333333333335,17.373540200554096,-0.018683869099543005
Tobias Harris,805,1.0024519167331436,0.47701863354037266,16.897035542943534,-0.018923257050084796
Javonte Green,287,1.0018773622525279,0.42857142857142855,17.460315680793,-0.019497811530700515
Kevin Huerter,604,1.0016063721418775,0.42549668874172186,22.713135394966677,-0.019768801641350864
Lauri Markkanen,700,1.0012615565795984,0.4228571428571429,21.35392238598404,-0.02011361720363003
Malik Monk,939,1.0012561472725912,0.4387646432374867,20.361176292114436,-0.02011902651063724
Bones Hyland,118,1.0008940170440128,0.3983050847457627,25.407758909948914,-0.020481156739215578
Jared Butler,453,0.9998880772795898,0.4481236203090508,18.039612759217192,-0.02148709650363856
Cam Thomas,454,0.9989422340733758,0.43832599118942733,20.540943998693425,-0.022432939709852606
Miles McBride,547,0.9985741057741359,0.40585009140767825,22.108938917595722,-0.02280106800909254
Shaedon Sharpe,1104,0.9983544372497937,0.4519927536231884,19.970302099923938,-0.023020736533434727
Immanuel Quickley,438,0.9969420804042523,0.4200913242009132,21.550206271809465,-0.024433093378976145
Gabe Vincent,420,0.9925832626764618,0.4,24.42620524450263,-0.0287919111067666
Anfernee Simons,1125,0.9922753238744206,0.42577777777777776,22.071392507499922,-0.029099849908807762
Colin Castleton,98,0.9915558330866755,0.46938775510204084,12.269647947074525,-0.0298193406965529
Duop Reath,166,0.9902435334242252,0.42168674698795183,21.654503816432182,-0.031131640359003176
De'Aaron Fox,1163,0.9884841662005986,0.46345657781599314,18.7168355869703,-0.03289100758262975
DeMar DeRozan,1308,0.9881740232576425,0.47706422018348627,19.243621277395263,-0.03320115052558592
Kelly Oubre Jr.,741,0.9878963594715766,0.46963562753036436,15.535432784272622,-0.03347881431165178
Jalen Pickett,180,0.9878650459357434,0.42777777777777776,22.50775552040408,-0.03351012784748497
Alperen Sengun,1143,0.9864833245700843,0.49606299212598426,12.175186241584772,-0.034891849213144144
Jaylen Wells,676,0.9863590515444617,0.4245562130177515,20.93727148846433,-0.03501612223876671
Tyrese Maxey,1091,0.9852937572079989,0.43721356553620533,19.477647755768427,-0.03608141657522945
JT Thor,59,0.9834068409972272,0.423728813559322,16.558278956137674,-0.0379683327860012
Ronald Holland II,416,0.982983659970789,0.4735576923076923,15.838010813060777,-0.03839151381243944
Draymond Green,509,0.9821319275760697,0.4243614931237721,18.715012028514526,-0.03924324620715869
Tre Mann,161,0.9818493391601195,0.43478260869565216,17.797410270888882,-0.03952583462310888
Nae'Qwan Tomlin,32,0.9806796675547957,0.40625,14.730402887210628,-0.040695506228432654
Kris Dunn,437,0.9805859769492046,0.43935926773455375,19.440822891322306,-0.04078919683402382
Colby Jones,129,0.9805770994618882,0.4573643410852713,18.221034554045907,-0.040798074321340194
Kyle Anderson,303,0.9800774909912457,0.46864686468646866,15.294268246875818,-0.04129768279198265
Jaylen Brown,1118,0.9785235700745649,0.46332737030411447,17.622117792008776,-0.04285160370866348
Ulrich Chomche,5,0.9766397774219513,0.4,12.059605416816037,-0.0447353963612771
Ja Morant,889,0.9760918812606278,0.4544431946006749,17.09179727328311,-0.04528329252260055
Gui Santos,179,0.9747384962048278,0.4581005586592179,20.013061427478288,-0.04663667757840062
David Roddy,125,0.974607753932476,0.456,19.152282947083567,-0.04676741985075239
Paolo Banchero,911,0.9727438188778517,0.4522502744237102,18.075068392025948,-0.048631354905376734
A.J. Lawson,190,0.972079859281841,0.42105263157894735,18.364251993658137,-0.049295314501387355
Gradey Dick,647,0.9719113628257647,0.4095826893353941,20.136572025589036,-0.04946381095746366
De'Anthony Melton,54,0.9699340109471921,0.4074074074074074,22.30070930519396,-0.05144116283603628
Jaime Jaquez Jr.,462,0.9697153688009296,0.461038961038961,13.724745085033522,-0.05165980498229883
David Duke Jr.,14,0.9693531915545464,0.42857142857142855,15.785064344320544,-0.05202198222868204
Cameron Payne,446,0.9691728271644212,0.4013452914798206,21.99862188297203,-0.05220234661880718
Marcus Bagley,69,0.967261431225832,0.391304347826087,17.362874714759283,-0.05411374255739643
Max Christie,590,0.9668699480340642,0.4271186440677966,20.653982940659407,-0.054505225749164166
Monté Morris,195,0.9666964225279979,0.4256410256410256,19.82628501101034,-0.05467875125523047
Brandon Miller,491,0.9656275630930473,0.40325865580448067,23.40441587187809,-0.05574761069018108
Mason Jones,18,0.965138875775867,0.5,19.469010644195976,-0.05623629800736141
Brandon Boston,381,0.9648243505654372,0.4356955380577428,19.193351029900402,-0.056550823217791146
DaQuan Jeffries,291,0.964245852844668,0.4054982817869416,19.858192717112733,-0.05712932093856038
Paul George,570,0.9624249485108936,0.4298245614035088,22.011960087859126,-0.058950225272334844
Armel Traoré,19,0.9592252397223523,0.3157894736842105,13.79076142030142,-0.0621499340608761
Josh Okogie,212,0.9585380426274156,0.44339622641509435,16.75063236760418,-0.0628371311558128
Jalen Green,1437,0.9578662659913281,0.4231036882393876,20.59369046023169,-0.06350890779190033
Scoot Henderson,685,0.9576346729820879,0.41897810218978104,19.190104329043205,-0.06374050080114047
Patty Mills,96,0.9571530651301146,0.375,26.52484796773167,-0.06422210865311384
Keion Brooks Jr.,109,0.9563170981789948,0.48623853211009177,17.367845861353885,-0.0650580756042336
Lonzo Ball,243,0.9548412863962321,0.3662551440329218,26.877976127407052,-0.06653388738699628
MarJon Beauchamp,65,0.95027565910266,0.4153846153846154,20.197010770819755,-0.07109951468056841
Andrew Nembhard,539,0.9495154967624867,0.4582560296846011,18.96387939464425,-0.0718596770207417
Jalen Bridges,7,0.9491849605526242,0.2857142857142857,28.353232179476386,-0.07219021323060415
Ja'Kobe Walter,393,0.9489667031809725,0.40458015267175573,18.83503987102928,-0.07240847060225586
Kevin Porter Jr.,652,0.9483716749454751,0.4493865030674847,18.34137842681063,-0.07300349883775326
Franz Wagner,1161,0.9459280275790266,0.4625322997416021,16.92111462825502,-0.07544714620420179
Nate Williams,62,0.9447260012309397,0.43548387096774194,17.124431503764246,-0.07664917255228865
James Harden,1295,0.9442636589688684,0.41003861003861003,21.822820191353877,-0.07711151481435996
Jonathan Mogbo,356,0.9439451977129231,0.43820224719101125,12.81632943085435,-0.07742997607030533
Bub Carrington,748,0.9436043818645617,0.40106951871657753,23.216671108868905,-0.07777079191866665
Patrick Williams,516,0.9429087400826257,0.39728682170542634,20.63669216863986,-0.07846643370060269
Wendell Carter Jr.,491,0.9428111908392119,0.46028513238289204,16.320303129516923,-0.07856398294401645
Ziaire Williams,520,0.9425955977004308,0.4115384615384615,19.70490983596484,-0.07877957608279762
Trae Young,1376,0.942487423091607,0.4113372093023256,21.7623807077177,-0.07888775069162135
Spencer Dinwiddie,682,0.9421515471282855,0.41642228739002934,19.967403812175334,-0.07922362665494287
LaMelo Ball,1003,0.9420824439068912,0.4047856430707876,22.09687653375253,-0.07929272987633718
Reggie Jackson,133,0.9418604475046907,0.39097744360902253,22.36837600844826,-0.07951472627853773
Drew Timme,102,0.941556132818554,0.4411764705882353,16.825880079686584,-0.0798190409646744
Jose Alvarado,521,0.9409237422563865,0.3915547024952015,21.916264448570434,-0.08045143152684187
Kyle Kuzma,848,0.9399084455777347,0.4363207547169811,17.506000828708512,-0.08146672820549372
E.J. Liddell,15,0.9384721239407857,0.5333333333333333,25.119151484005556,-0.08290304984244268
Killian Hayes,43,0.9373718413502671,0.4186046511627907,20.483879004836346,-0.08400333243296132
Jordan Clarkson,493,0.9369633973899163,0.4077079107505071,20.905138622581667,-0.0844117763933121
Keaton Wallace,162,0.9366656433055063,0.4012345679012346,22.542268048609568,-0.08470953047772212
Orlando Robinson,261,0.9364553511970573,0.4444444444444444,13.745848449949575,-0.08491982258617115
Tyrese Martin,465,0.9362835256002282,0.4064516129032258,21.67498138766162,-0.08509164818300019
Ben Sheppard,287,0.9357762257811915,0.4181184668989547,21.089538168017803,-0.08559894800203693
Cole Anthony,543,0.9352795131689771,0.42357274401473294,19.803477505310198,-0.08609566061425133
Svi Mykhailiuk,302,0.9342049451372185,0.39072847682119205,23.462804922380833,-0.08717022864600987
Dennis Schröder,827,0.9339880092044731,0.4062877871825877,20.825635695744506,-0.08738716457875528
Russell Westbrook,831,0.9336011099632466,0.44885679903730447,16.386458617707092,-0.08777406381998176
Ryan Dunn,477,0.9334740449734954,0.429769392033543,19.387774712745838,-0.087901128809733
Herbert Jones,172,0.9334318895586008,0.436046511627907,17.154469151357983,-0.0879432842246276
Jamal Cain,158,0.9329771251429485,0.43037974683544306,18.931891270848084,-0.08839804864027989
Jaylen Martin,74,0.9306128921138274,0.4189189189189189,15.439416139277835,-0.09076228166940103
Maxwell Lewis,108,0.9300449124916836,0.4166666666666667,18.51992488891564,-0.09133026129154476
Vince Williams Jr.,167,0.9289503615394146,0.40119760479041916,20.737699984291172,-0.09242481224381383
Kris Murray,279,0.92875936301592,0.41935483870967744,15.893986958844105,-0.0926158107673084
Rob Dillingham,211,0.9286856147067807,0.44075829383886256,18.146456754781877,-0.09268955907644771
Simone Fontecchio,373,0.9225447949062004,0.40214477211796246,21.28157223301129,-0.09883037887702795
Blake Wesley,186,0.9222629125961053,0.43548387096774194,14.934573192070125,-0.09911226118712313
Joel Embiid,315,0.9218644182833414,0.4444444444444444,18.167988988519337,-0.09951075549988697
Miles Bridges,1089,0.9217949335192244,0.43067033976124885,17.9874213235005,-0.09958024026400403
Micah Potter,135,0.9200129545397229,0.4222222222222222,21.988510980922143,-0.10136221924350552
Jevon Carter,146,0.9189502484586141,0.3767123287671233,23.939278027703082,-0.10242492532461434
Gary Harris,133,0.9159569797435201,0.38345864661654133,23.893022784400173,-0.10541819403970831
Emoni Bates,38,0.9156236546604257,0.34210526315789475,27.30590838640282,-0.10575151912280267
James Johnson,11,0.9148465598171408,0.36363636363636365,19.138031335188803,-0.10652861396608759
Scottie Barnes,1063,0.9133730446981128,0.44590780809031044,16.89534486936574,-0.10800212908511564
Marcus Smart,257,0.9132838245002908,0.39299610894941633,21.431243686064754,-0.10809134928293762
Isaiah Mobley,7,0.9123720952442714,0.2857142857142857,18.278672427925606,-0.10900307853895697
Marcus Garrett,27,0.9109852984547615,0.4074074074074074,16.775243102503335,-0.11038987532846689
Jonathan Kuminga,568,0.9097611161512913,0.45422535211267606,15.434350306961127,-0.1116140576319371
Tristan Thompson,71,0.9096111781160596,0.43661971830985913,10.520224257196448,-0.11176399566716877
Jamal Shead,504,0.9072199023387854,0.40476190476190477,19.484165422424827,-0.11415527144444304
Jazian Gortman,23,0.9066012229608453,0.391304347826087,19.576958564760602,-0.11477395082238306
Fred VanVleet,759,0.9054191109720662,0.37812911725955206,24.550721358833453,-0.11595606281116222
Mouhamed Gueye,171,0.903709145404442,0.42105263157894735,16.772543526076866,-0.11766602837878637
Caleb Martin,304,0.9021779273967504,0.4243421052631579,18.017602431728868,-0.119197246386478
Keyonte George,919,0.9021181830562757,0.3906420021762786,21.809984354814503,-0.11925699072695273
Tristan da Silva,483,0.9019012704692149,0.41200828157349895,18.857858518657665,-0.11947390331401353
Pacôme Dadiet,31,0.9015359393050594,0.3225806451612903,21.74135591561301,-0.11983923447816902
Jordan Miller,134,0.9012899769108687,0.43283582089552236,14.446773377013544,-0.12008519687235975
Kyle Lowry,117,0.8997216569339364,0.3504273504273504,26.413035684808648,-0.12165351684929204
Nick Smith Jr.,568,0.8980779523475909,0.3908450704225352,22.65480574584872,-0.12329722143563748
Jalen Wilson,620,0.8964170765311968,0.3967741935483871,20.60775833056327,-0.12495809725203155
Jonathan Isaac,324,0.8935361306562468,0.41358024691358025,17.518160316045872,-0.12783904312698158
Jalen Suggs,481,0.8907319646863084,0.4095634095634096,21.899808872581815,-0.13064320909691995
Hunter Tyson,120,0.8892408688242237,0.375,21.388740145523396,-0.1321343049590047
Tosan Evbuomwan,220,0.8879672928967259,0.42727272727272725,16.37132672197364,-0.13340788088650246
Noah Clowney,372,0.8877189712729104,0.3575268817204301,23.09210484431119,-0.13365620251031796
Rayan Rupert,142,0.8860775634751353,0.4084507042253521,17.133353007440046,-0.13529761030809306
Lindy Waters III,249,0.8846044066440628,0.36947791164658633,24.626298251151944,-0.13677076713916558
D'Angelo Russell,638,0.883402893757652,0.390282131661442,22.804452514119692,-0.13797228002557638
Bruce Brown,309,0.8830550054275103,0.42071197411003236,15.076047886652457,-0.13832016835571814
Johnny Davis,78,0.8806463567874371,0.41025641025641024,16.692783204604066,-0.14072881699579132
Kobe Bufkin,47,0.8803093943031545,0.3829787234042553,18.31894943254339,-0.14106577948007393
Chris Livingston,27,0.8767751510496493,0.3333333333333333,13.611643008226773,-0.14460002273357908
Jordan Hawkins,556,0.8690255587826744,0.3723021582733813,23.157623999551298,-0.152349615000554
Keon Johnson,779,0.8681936566556525,0.3889602053915276,19.489334333872367,-0.15318151712757588
Spencer Jones,34,0.8678050293203663,0.3235294117647059,18.445196677617815,-0.1535701444628621
Jerami Grant,574,0.8665994549046826,0.37282229965156793,19.559511351292727,-0.1547757188785458
Harrison Ingram,4,0.8615887872874737,0.5,16.549998625388408,-0.15978638649575472
Dalano Banton,507,0.8613742093759529,0.3905325443786982,18.637191624966654,-0.16000096440727551
Jack McVeigh,17,0.860119937973864,0.29411764705882354,24.33240726996319,-0.1612552358093644
Cody Martin,325,0.85939969849128,0.41846153846153844,18.944310523660892,-0.16197547529194845
Kyshawn George,546,0.8592773356710325,0.3717948717948718,22.98323382169121,-0.1620978381121959
Isaiah Wong,105,0.8589485767341796,0.3904761904761905,18.32597483065585,-0.16242659704904883
Stephon Castle,988,0.8581578599285289,0.42813765182186236,17.050279209994574,-0.1632173138546995
Anthony Black,620,0.8555203099644954,0.42258064516129035,16.054779426711704,-0.16585486381873304
Kevin Love,115,0.855402850975161,0.3565217391304348,21.454032691110005,-0.1659723228080674
Justin Minaya,21,0.8525080223168645,0.38095238095238093,18.034672815180496,-0.16886715146636389
Vlatko Čančar,26,0.8519183964683459,0.38461538461538464,20.48942593762069,-0.1694567773148825
Bilal Coulibaly,624,0.8515817575896971,0.421474358974359,17.46405071525443,-0.16979341619353128
Lester Quinones,78,0.8512681336739124,0.3974358974358974,21.51300182912166,-0.170107040109316
Johnny Furphy,92,0.8486187960142675,0.3804347826086957,18.81541353766611,-0.1727563777689609
Malcolm Brogdon,240,0.8481211462058127,0.43333333333333335,15.91756850917491,-0.1732540275774157
Yuki Kawamura,30,0.8472018882632255,0.36666666666666664,26.701509586790472,-0.17417328552000289
Josh Christopher,31,0.8459588731488874,0.3548387096774194,15.995153598119892,-0.175416300634341
Ricky Council IV,463,0.8434707770812009,0.38228941684665224,19.500843706384426,-0.1779043967020275
Alex Sarr,828,0.8429036236903518,0.39371980676328505,18.71391366495631,-0.17847155009287663
Taylor Hendricks,18,0.842080160147614,0.2222222222222222,21.91583791690414,-0.1792950136356144
GG Jackson,199,0.8413114272544732,0.37185929648241206,18.697583852853164,-0.18006374652875523
Cam Reddish,94,0.8358013825689224,0.40425531914893614,18.352369998209117,-0.18557379121430595
Isaiah Collier,555,0.8344390141198764,0.42162162162162165,16.302255193632504,-0.18693615966335198
Dejounte Murray,494,0.8309081134043241,0.39271255060728744,19.0041396402492,-0.19046706037890426
Terry Rozier,635,0.8294548679377854,0.3905511811023622,19.193652761052654,-0.19192030584544295
Delon Wright,131,0.827877692593873,0.3435114503816794,19.7877573503164,-0.1934974811893554
Elijah Harkless,35,0.8257021205765861,0.3142857142857143,23.12423152960886,-0.1956730532066423
Olivier-Maxence Prosper,174,0.8227743133474356,0.40229885057471265,14.136993356614296,-0.19860086043579284
Jaden Springer,90,0.8225605885187784,0.3888888888888889,19.981811325856988,-0.19881458526444995
James Wiseman,4,0.8205214887857437,0.5,18.58930640700669,-0.20085368499748468
Cole Swider,63,0.8177972231355924,0.3492063492063492,24.578264929261405,-0.20357795064763595
RayJ Dennis,33,0.8174274455417286,0.3333333333333333,25.110899791147784,-0.20394772824149976
Markelle Fultz,67,0.8158985681053418,0.417910447761194,16.463024585122643,-0.20547660567788661
AJ Johnson,213,0.8149307288334403,0.38497652582159625,18.048978954388907,-0.2064444449497881
Pat Spencer,101,0.8139855169718808,0.40594059405940597,14.562732194183223,-0.20738965681134758
Matt Ryan,31,0.8106660765986289,0.3225806451612903,22.11043476090108,-0.21070909718459951
Baylor Scheierman,110,0.8084038504145362,0.35454545454545455,24.896979075615228,-0.21297132336869218
Reed Sheppard,239,0.8053486749966274,0.3514644351464435,23.52977728678591,-0.21602649878660096
Vasilije Micić,273,0.8052591476794128,0.34798534798534797,21.529609391009217,-0.21611602610381564
Trentyn Flowers,11,0.8051179539073597,0.36363636363636365,14.863142820356638,-0.21625721987586866
Luke Travers,20,0.8023761581629515,0.25,15.627733010253536,-0.2189990156202769
Daniss Jenkins,10,0.8015067890286446,0.3,22.625407526864475,-0.2198683847545838
Damion Lee,74,0.7951908487121802,0.36486486486486486,20.71383137397276,-0.22618432507104824
Dillon Jones,133,0.7924720174948076,0.38345864661654133,18.448910703139735,-0.22890315628842084
Trevelin Queen,147,0.7920738742718486,0.38095238095238093,20.34603602974924,-0.22930129951137979
JD Davison,34,0.7844450324773788,0.35294117647058826,22.081821009424456,-0.23693014130584955
Jordan Walsh,83,0.7826445774141565,0.3614457831325301,21.14094958296913,-0.2387305963690719
Jalen Hood-Schifino,98,0.7823924248163797,0.37755102040816324,22.418597503272565,-0.23898274896684868
Tyson Etienne,52,0.7814517465348427,0.3269230769230769,25.431124975964693,-0.23992342724838567
Dario Šarić,58,0.778463749279236,0.3620689655172414,18.594339381948036,-0.2429114245039924
Devin Carter,127,0.7704190092645292,0.3700787401574803,19.72450057372256,-0.2509561645186992
Cam Christie,24,0.7673389669507742,0.2916666666666667,20.078233238272883,-0.2540362068324542
Jett Howard,262,0.7672669641559816,0.37404580152671757,24.63492485121488,-0.2541082096272468
Trey Alexander,41,0.7625936567783356,0.3170731707317073,20.683625561380925,-0.2587815170048928
TyTy Washington Jr.,45,0.7567083944876989,0.3111111111111111,21.284910096740287,-0.2646667792955295
Maxi Kleber,96,0.7468545597512275,0.3854166666666667,19.704159562612855,-0.2745206140320009
Tidjane Salaün,345,0.742884122936622,0.33043478260869563,21.674345812975094,-0.2784910508466064
Markieff Morris,70,0.7338728071855647,0.3,22.510256191542823,-0.2875023665976637
Liam Robbins,8,0.7242391798645258,0.25,14.031954840006676,-0.2971359939187026
Jaylen Nowell,73,0.7158092152174205,0.3561643835616438,18.64030656213582,-0.3055659585658079
Malachi Flynn,13,0.6932130742531556,0.38461538461538464,17.28098761902949,-0.3281620995300728
Tyler Kolek,82,0.6893486730390932,0.32926829268292684,21.195432558424095,-0.3320265007441352
Reece Beekman,107,0.6853900269091686,0.32710280373831774,16.924774067400588,-0.3359851468740598
KJ Simpson,301,0.6817641842899924,0.34551495016611294,19.27092768320358,-0.339610989493236
Damion Baugh,130,0.6769777111135996,0.3230769230769231,17.706952811430266,-0.3443974626696288
Xavier Tillman,53,0.6754438288088115,0.24528301886792453,20.657029546770698,-0.3459313449744169
Garrett Temple,60,0.6738956164568662,0.3,19.01376445922745,-0.34747955732636215
Josh Richardson,38,0.6624031253159046,0.2894736842105263,22.245179068252835,-0.3589720484673238
Jae Crowder,22,0.6601924046196721,0.3181818181818182,23.490623870920366,-0.3611827691635563
Cody Williams,257,0.6438963948984554,0.3229571984435798,19.402033863558806,-0.377478778884773
D.J. Carton,7,0.641166193144662,0.14285714285714285,17.62557532447626,-0.38020898063856634
Joe Ingles,23,0.6379380401061929,0.2608695652173913,23.527976411371377,-0.38343713367703547
Yuri Collins,3,0.6347127060095469,0.3333333333333333,18.77158028385806,-0.3866624677736815
Tazé Moore,10,0.6295772317796946,0.2,23.68386820270546,-0.3917979420035338
Adam Flagler,96,0.6229875859959672,0.2604166666666667,25.72658033907703,-0.39838758778726124
Kevin McCullar Jr.,7,0.6206307145101684,0.2857142857142857,13.328796980320536,-0.40074445927306
Miles Norris,9,0.6148315982686149,0.2222222222222222,25.909535636766233,-0.4065435755146135
Bronny James,67,0.6118360941312206,0.31343283582089554,20.644514924859173,-0.40953907965200775
Bryce McGowens,14,0.6012551576963493,0.2857142857142857,15.20033144082019,-0.4201200160868791
Tristen Newton,8,0.5865857992321253,0.125,19.797330539327852,-0.4347893745511031
Daishen Nix,1,0.5824327915906906,0.0,26.929027089740913,-0.4389423821925378
Elfrid Payton,122,0.5823680032044649,0.32786885245901637,13.558466513885028,-0.4390071705787635
Riley Minix,1,0.5683854818344116,0.0,35.01717435773481,-0.4529896919488168
Ron Harper Jr.,8,0.5567712029442191,0.125,23.620910607001864,-0.4646039708390093
Stanley Umude,26,0.5548602781043603,0.19230769230769232,21.14517287739011,-0.46651489567886806
Quincy Olivari,5,0.5436084151268006,0.2,29.810992881882168,-0.4777667586564278
Cui Yongxi,7,0.5208070991294724,0.14285714285714285,15.854144013110465,-0.500568074653756
Phillip Wheeler,21,0.4961059604372297,0.14285714285714285,16.872596952059535,-0.5252692133459986
Braxton Key,4,0.39944616705179214,0.0,16.008635329171366,-0.6219290067314363
Terence Davis,2,0.39852308481931686,0.0,25.437514854222705,-0.6228520889639115
Mac McClung,2,0.3859771713614464,0.0,22.85035049690986,-0.635398002421782
Zyon Pullin,1,0.38269519805908203,0.0,12.09969007867557,-0.6386799757241464
Isaiah Stevens,2,0.3826533704996109,0.0,21.560544578763434,-0.6387218032836175
Terry Taylor,1,0.3723551332950592,0.0,10.915241637270336,-0.6490200404881692
Malevy Leons,2,0.32471930980682373,0.0,18.455146615024162,-0.6966558639764047
